,1-1,1-2,1-3,1-4,1-5,1-6,1-7,1-8,1-9,1-10,2-1,2-2,2-3,2-4,2-5,2-6,2-7,2-8,2-9,2-10,3-1,3-2,3-3,3-4,3-5,3-6,3-7,3-8,3-9,3-10,4-1,4-2,4-3,4-4,4-5,4-6,4-7,4-8,4-9,4-10,5-1,5-2,5-3,5-4,5-5,5-6,5-7,5-8,5-9,5-10,6-1,6-2,6-3,6-4,6-5,6-6,6-7,6-8,6-9,6-10,7-1,7-2,7-3,7-4,7-5,7-6,7-7,7-8,7-9,7-10,8-1,8-2,8-3,8-4,8-5,8-6,8-7,8-8,8-9,8-10,9-1,9-2,9-3,9-4,9-5,9-6,9-7,9-8,9-9,9-10,10-1,10-2,10-3,10-4,10-5,10-6,10-7,10-8,10-9,10-10
1-1,0.00,75.17,50.25,25.00,9.49,32.89,36.36,52.40,67.07,50.54,39.81,78.41,37.54,52.20,68.88,37.01,52.20,65.73,28.43,16.64,50.80,13.89,22.47,34.44,19.10,30.61,47.38,54.92,39.56,8.54,39.62,23.09,10.44,53.81,62.51,30.08,81.84,20.59,60.83,65.19,13.45,39.01,73.06,24.19,71.45,23.02,51.48,37.44,67.36,17.69,34.01,50.92,64.64,13.60,74.43,45.88,63.60,25.02,62.20,76.97,47.71,70.46,29.07,68.47,44.10,12.08,24.04,26.17,30.68,20.62,6.32,65.80,59.91,75.60,2.83,62.48,16.12,45.19,37.64,46.01,42.94,8.25,18.11,28.43,58.86,48.17,52.35,65.19,66.12,73.06,41.18,75.61,43.01,10.05,37.95,60.75,36.24,53.25,46.01,28.02
1-2,75.17,0.00,83.22,52.39,68.00,103.25,45.12,24.74,18.00,25.46,80.16,7.07,111.83,121.08,71.01,47.71,119.85,9.43,102.62,77.08,105.82,63.06,90.25,86.53,85.56,83.74,38.48,73.01,77.10,70.43,56.04,53.26,83.41,27.02,33.02,53.60,78.64,54.64,31.14,46.04,62.27,48.37,39.29,51.04,90.67,95.71,123.04,110.63,20.02,92.42,97.31,119.67,10.77,81.02,79.01,96.25,12.37,55.17,94.64,11.40,37.01,33.73,87.80,49.25,107.62,87.13,74.03,61.85,54.34,95.00,71.40,90.80,95.82,87.05,72.40,91.92,61.07,44.00,40.36,81.54,83.05,78.24,84.86,48.85,31.40,59.41,83.49,14.14,45.10,78.00,34.21,17.00,88.20,69.32,59.48,14.42,86.98,21.95,43.46,92.76
1-3,50.25,83.22,0.00,60.08,55.47,45.40,69.63,72.17,66.64,61.00,89.05,89.49,59.68,53.37,28.86,38.12,50.70,75.96,54.12,33.97,28.18,55.95,71.06,19.92,36.72,80.81,44.92,13.89,88.20,42.80,80.65,45.61,45.80,77.03,53.00,68.95,39.00,49.65,53.71,44.55,53.24,36.35,55.87,50.70,21.63,67.42,59.54,55.33,65.30,51.88,33.14,52.17,76.40,63.64,30.02,18.97,76.90,39.05,13.34,77.83,77.41,57.63,79.20,44.69,37.66,55.22,26.25,70.21,70.23,51.48,44.82,15.56,13.04,27.51,50.45,12.53,42.95,79.43,48.04,4.24,92.42,43.19,37.22,61.13,52.77,90.14,2.24,81.39,45.97,29.00,57.04,73.06,93.09,57.43,25.08,72.03,86.45,67.74,39.85,34.21
1-4,25.00,52.39,60.08,0.00,16.28,57.25,11.70,28.30,48.09,30.15,35.78,54.71,62.48,76.49,68.62,29.07,76.16,43.08,53.41,34.53,70.26,11.31,37.95,51.00,41.11,34.23,34.93,58.83,33.62,24.04,20.62,14.76,34.99,29.00,48.51,8.94,81.32,10.44,46.10,55.90,11.66,31.89,60.44,10.00,78.29,43.42,76.32,62.43,49.01,42.64,55.79,75.15,41.63,28.64,75.93,63.01,40.25,21.47,73.38,56.29,22.83,56.29,37.01,59.94,66.48,36.07,37.05,13.42,10.30,45.61,23.77,74.32,72.28,79.88,22.20,72.45,18.03,21.38,22.85,56.32,39.36,30.87,40.16,3.61,44.15,30.08,61.68,41.05,56.36,74.52,21.00,56.32,42.72,17.20,38.28,38.28,38.83,30.68,36.36,50.00
1-5,9.49,68.00,55.47,16.28,0.00,42.38,27.20,44.41,61.61,44.27,33.60,70.72,46.40,61.68,70.72,34.93,61.68,58.59,37.44,23.77,59.30,5.00,24.02,41.76,28.02,26.63,44.10,58.05,32.76,13.00,30.27,19.10,19.92,45.28,59.01,20.62,83.76,15.03,57.01,63.56,6.08,37.36,70.26,18.25,75.93,27.86,60.83,46.65,62.17,26.63,43.05,60.41,57.31,14.04,77.01,53.60,56.08,23.41,68.10,70.84,38.60,67.01,26.93,67.19,53.34,19.80,29.53,17.00,21.19,29.68,11.40,70.80,66.19,79.21,7.07,67.96,14.76,35.78,33.06,51.31,37.01,17.03,27.02,19.85,55.01,39.01,57.43,57.20,64.33,75.60,34.79,70.09,38.21,2.24,39.12,53.67,32.20,46.07,43.74,37.05
1-6,32.89,103.25,45.40,57.25,42.38,0.00,68.88,82.80,91.61,77.79,67.27,107.56,14.32,19.31,73.01,57.69,19.42,94.05,11.40,26.25,27.59,46.62,40.26,26.00,17.69,55.58,68.80,57.01,68.07,33.84,72.28,50.33,22.47,85.15,82.76,62.97,84.21,50.22,81.99,80.32,45.62,58.31,90.62,53.60,65.52,32.31,19.80,10.00,91.26,18.03,12.37,18.03,93.38,39.00,75.33,29.55,92.76,48.17,51.62,102.62,80.06,89.90,51.20,82.28,15.26,26.00,31.30,58.69,63.57,15.13,33.62,58.52,47.93,72.57,35.47,53.76,42.64,78.00,63.03,42.11,69.58,26.42,18.38,60.42,80.26,80.41,47.52,95.27,81.60,74.24,69.35,99.86,67.47,42.72,50.70,89.11,60.21,82.13,65.37,12.37
1-7,36.36,45.12,69.63,11.70,27.20,68.88,0.00,20.40,44.72,27.20,36.35,46.24,73.60,88.14,74.63,34.99,87.85,36.35,64.64,46.10,81.61,22.47,46.14,62.13,52.81,38.64,37.54,66.71,33.54,35.74,14.42,24.19,46.53,19.24,48.76,8.54,86.83,21.02,46.07,58.41,23.26,37.74,60.83,19.10,86.54,52.80,87.82,73.78,46.10,53.82,67.45,86.82,34.53,37.80,82.38,74.06,32.76,30.59,82.98,51.01,11.40,55.95,42.72,62.63,78.16,46.86,48.04,16.76,9.22,56.86,35.47,83.17,82.20,87.24,33.62,81.74,29.15,10.00,26.25,66.10,39.62,42.54,51.87,9.06,44.29,22.67,71.06,32.31,58.60,80.99,20.25,52.24,44.18,27.66,46.24,32.06,42.11,25.02,40.36,61.68
1-8,52.40,24.74,72.17,28.30,44.41,82.80,20.40,0.00,26.83,13.42,56.01,26.42,89.81,101.51,68.95,34.06,100.70,16.03,80.61,57.45,90.14,39.41,65.80,70.23,65.46,59.03,30.08,65.38,53.04,49.04,32.25,32.76,61.55,5.83,35.47,28.86,79.62,32.65,32.65,47.71,39.05,36.00,46.69,29.21,85.00,71.69,102.45,89.20,28.65,70.04,78.77,100.12,14.14,56.82,77.16,81.32,12.37,36.77,85.02,31.14,13.93,41.11,63.06,51.87,89.47,64.03,56.46,37.11,29.61,72.84,49.58,83.22,85.21,83.68,49.58,83.01,40.22,20.88,24.19,69.46,59.08,56.73,64.64,24.70,31.40,37.34,73.06,12.81,47.43,75.89,15.30,33.24,64.00,45.49,47.10,12.17,62.39,7.07,34.71,73.57
1-9,67.07,18.00,66.64,48.09,61.61,91.61,44.72,26.83,0.00,18.00,81.05,25.02,101.71,108.37,53.01,34.06,106.83,15.26,92.66,65.46,90.80,57.07,85.33,72.25,74.06,82.01,23.35,55.66,78.26,60.84,58.24,44.01,73.79,31.91,15.03,52.24,60.83,46.84,13.34,28.07,55.54,33.94,22.36,43.42,72.84,89.29,111.21,99.86,2.24,83.19,84.22,106.96,17.20,75.50,61.01,81.02,19.21,43.91,77.49,11.40,40.72,16.55,85.09,31.40,94.05,79.12,60.96,60.07,53.34,85.42,62.24,73.25,78.92,69.07,64.51,74.63,51.48,47.54,29.55,65.37,84.34,68.43,73.50,45.01,13.93,64.08,66.71,24.41,27.17,60.00,27.17,8.54,88.81,63.35,44.20,15.62,86.15,20.25,27.80,80.28
1-10,50.54,25.46,61.00,30.15,44.27,77.79,27.20,13.42,18.00,0.00,63.35,30.23,86.61,95.67,55.66,23.41,94.49,16.40,77.42,51.62,81.39,39.56,67.68,61.77,60.11,64.01,17.12,53.01,60.64,45.22,41.23,28.02,58.25,19.24,22.67,34.37,66.21,29.97,19.85,34.41,38.28,24.74,34.41,26.40,72.34,72.11,97.59,85.28,19.10,67.42,72.01,94.26,16.12,57.97,63.89,72.09,16.16,29.73,73.44,26.57,25.50,29.15,67.12,38.60,82.42,62.61,48.83,42.11,35.51,69.89,46.32,71.00,73.98,70.61,47.85,71.18,35.81,31.62,15.00,58.69,66.71,53.01,59.41,27.02,18.38,48.02,61.66,20.40,34.21,62.64,9.49,26.17,71.02,45.88,36.14,11.66,68.18,7.07,22.02,67.36
2-1,39.81,80.16,89.05,35.78,33.60,67.27,36.35,56.01,81.05,63.35,0.00,79.91,64.50,85.01,102.94,64.35,86.02,72.00,58.01,56.36,89.84,33.94,28.28,74.25,58.19,12.17,70.68,91.24,3.16,46.32,24.19,48.60,48.08,53.15,83.82,29.12,115.88,43.60,81.27,91.68,36.77,67.12,95.86,44.94,109.48,37.48,81.39,67.12,82.38,49.25,72.28,84.00,70.01,28.64,109.71,85.62,68.03,54.67,101.55,87.09,43.19,91.39,17.72,95.71,81.22,41.44,62.97,22.36,27.89,52.15,44.42,104.40,99.48,112.49,38.95,101.51,47.38,36.35,58.60,84.88,3.61,47.93,57.25,37.70,79.38,24.19,91.02,66.37,92.14,108.30,55.36,88.57,8.06,31.62,71.51,68.07,10.00,61.29,72.07,66.48
2-2,78.41,7.07,89.49,54.71,70.72,107.56,46.24,26.42,25.02,30.23,79.91,0.00,115.52,125.73,78.00,53.24,124.63,13.89,106.30,81.57,111.41,65.73,92.14,91.92,89.94,84.48,44.60,79.62,76.79,74.28,55.73,57.28,87.11,27.20,40.00,54.78,85.71,58.14,38.05,53.08,65.22,54.13,46.32,54.56,97.51,98.11,127.35,114.59,27.07,95.90,102.20,124.33,14.21,83.24,86.02,101.97,14.87,59.82,101.14,17.89,36.88,40.79,88.87,56.32,112.65,90.21,79.06,62.97,55.36,98.60,75.07,97.49,102.20,94.02,75.60,98.49,65.05,43.57,45.22,87.66,82.61,82.07,89.20,51.11,38.21,58.00,89.84,13.93,52.15,85.01,38.21,23.77,87.97,71.87,65.39,18.60,87.32,25.46,49.65,97.45
2-3,37.54,111.83,59.68,62.48,46.40,14.32,73.60,89.81,101.71,86.61,64.50,115.52,0.00,22.14,87.02,68.45,24.17,102.45,9.22,36.77,40.50,51.22,36.22,40.11,28.46,52.35,79.62,71.03,65.92,41.40,74.25,58.60,28.43,91.35,94.15,66.57,98.41,57.38,93.11,92.89,50.99,69.46,102.79,60.96,79.81,27.07,17.00,5.00,101.60,19.85,26.68,21.54,101.53,38.63,89.56,43.66,100.66,57.80,65.79,112.36,85.00,101.59,47.10,95.13,27.20,26.93,43.42,60.83,66.89,16.97,40.46,72.80,62.03,86.88,40.36,68.01,50.80,81.84,72.40,56.32,66.19,33.60,28.79,65.95,91.29,81.34,61.81,102.55,94.11,88.46,77.62,110.15,63.00,46.04,63.06,97.45,56.04,90.14,76.69,26.00
2-4,52.20,121.08,53.37,76.49,61.68,19.31,88.14,101.51,108.37,95.67,85.01,125.73,22.14,0.00,82.23,74.33,3.16,112.04,27.00,44.20,27.02,65.92,57.08,37.59,36.06,73.01,85.15,66.76,86.09,52.84,91.48,68.82,41.79,104.10,98.23,82.28,91.79,69.12,97.80,93.94,64.88,74.52,104.81,72.40,70.00,48.26,8.06,18.25,107.81,36.50,24.21,1.41,111.52,57.43,82.73,34.53,111.04,65.95,55.01,119.60,99.28,104.85,68.12,95.27,15.81,44.55,47.42,77.88,82.87,33.38,52.77,63.01,51.01,78.06,54.78,58.01,61.29,97.31,80.72,51.24,87.02,45.62,36.89,79.61,96.21,99.46,55.11,113.81,95.29,81.88,87.62,116.39,84.29,61.98,65.46,107.17,77.16,100.42,81.22,28.32
2-5,68.88,71.01,28.86,68.62,70.72,73.01,74.63,68.95,53.01,55.66,102.94,78.00,87.02,82.23,0.00,39.82,79.56,66.37,80.40,55.36,56.65,69.20,91.29,47.01,61.00,97.35,39.00,16.00,101.32,60.37,88.24,54.49,68.01,74.67,38.00,77.23,13.04,59.46,40.05,25.18,66.40,37.01,34.79,58.69,21.47,89.81,88.28,83.01,51.04,75.93,61.13,81.02,67.60,82.30,8.25,47.80,68.88,48.27,32.02,62.51,78.71,38.83,97.25,22.80,66.49,77.16,46.84,81.34,78.64,76.30,62.61,24.76,35.23,16.12,68.00,28.43,56.04,83.01,48.55,31.26,106.53,63.91,61.19,68.12,40.20,97.20,27.20,74.15,26.31,7.07,56.36,56.72,108.60,72.95,31.62,63.95,102.90,62.64,34.89,61.03
2-6,37.01,47.71,38.12,29.07,34.93,57.69,34.99,34.06,34.06,23.41,64.35,53.24,68.45,74.33,39.82,0.00,72.84,39.36,59.62,31.76,58.18,31.95,58.42,38.83,40.31,60.54,11.18,32.28,62.43,29.27,48.41,16.16,41.48,39.01,25.96,37.48,52.35,21.02,24.70,28.64,29.41,2.83,36.06,19.42,52.20,60.03,77.20,66.24,33.60,50.96,50.21,72.92,39.40,48.51,47.43,48.75,39.56,12.00,51.00,45.28,40.52,33.73,61.68,32.28,60.21,48.37,26.91,42.20,38.90,52.81,31.14,49.65,51.16,52.33,35.01,49.09,21.02,43.86,10.05,35.51,67.96,36.14,39.82,28.32,22.85,57.43,39.01,43.68,29.43,46.04,19.03,42.20,70.71,37.11,13.04,34.93,65.80,29.83,9.00,46.23
2-7,52.20,119.85,50.70,76.16,61.68,19.42,87.85,100.70,106.83,94.49,86.02,124.63,24.17,3.16,79.56,72.84,0.00,110.89,28.16,43.27,24.00,65.79,58.31,35.51,35.36,74.11,83.55,64.20,87.01,52.33,91.68,67.96,41.76,103.45,96.40,82.22,88.96,68.48,96.05,91.79,64.62,72.92,102.73,71.69,67.01,49.65,11.18,19.92,106.22,37.12,22.63,2.83,110.42,58.14,79.91,31.78,110.00,64.82,52.00,118.11,98.90,102.90,69.35,93.02,13.42,45.18,45.97,78.10,82.86,34.06,52.39,60.03,48.00,75.11,54.71,55.04,60.54,97.14,79.51,48.70,88.14,45.31,36.24,79.20,94.49,99.82,52.39,112.89,93.15,79.08,86.61,114.77,85.59,62.10,63.60,106.04,78.41,99.40,79.51,27.20
2-8,65.73,9.43,75.96,43.08,58.59,94.05,36.35,16.03,15.26,16.40,72.00,13.89,102.45,112.04,66.37,39.36,110.89,0.00,93.24,67.94,97.53,53.67,80.99,78.03,76.38,74.97,31.05,66.61,69.01,61.07,48.09,43.93,74.03,19.42,28.86,44.72,75.19,45.22,26.48,42.20,52.84,40.31,37.59,41.62,85.05,86.33,113.85,101.32,17.49,83.01,88.41,110.63,2.24,71.69,74.55,88.10,4.47,46.10,87.86,15.52,29.27,31.76,78.85,45.88,98.81,77.70,65.22,52.95,45.54,85.60,62.01,84.59,88.77,82.15,62.97,85.33,51.74,36.35,31.40,74.00,75.03,68.88,75.66,39.56,26.17,52.39,76.40,9.22,41.48,73.44,24.84,18.87,80.01,59.93,51.62,5.00,78.41,12.53,36.14,83.74
2-9,28.43,102.62,54.12,53.41,37.44,11.40,64.64,80.61,92.66,77.42,58.01,106.30,9.22,27.00,80.40,59.62,28.16,93.24,0.00,28.16,38.90,42.20,30.15,34.21,20.22,46.01,70.77,64.50,59.14,32.20,65.92,49.41,19.21,82.22,85.44,57.80,92.23,48.17,84.31,84.72,41.87,60.75,94.37,51.74,75.03,21.59,24.04,9.49,92.59,10.82,22.47,26.02,92.31,30.81,83.55,39.96,91.44,48.76,61.72,103.25,76.03,92.97,41.19,87.13,26.63,18.38,35.36,52.39,58.18,7.81,31.24,68.15,58.18,81.61,31.24,63.56,41.62,73.06,63.29,50.45,60.03,24.41,20.40,56.85,82.46,73.38,56.32,93.35,85.91,82.38,68.41,101.12,57.43,37.22,54.92,88.24,50.25,80.92,68.01,19.92
2-10,16.64,77.08,33.97,34.53,23.77,26.25,46.10,57.45,65.46,51.62,56.36,81.57,36.77,44.20,55.36,31.76,43.27,67.94,28.16,0.00,36.00,26.08,37.20,18.03,8.60,47.20,42.94,40.31,55.95,11.05,53.04,24.70,12.65,60.37,57.38,42.05,68.01,25.63,56.36,56.72,24.00,32.70,66.22,28.64,55.44,34.54,46.01,34.48,65.19,21.02,21.54,42.80,67.36,29.73,60.01,29.83,66.84,21.93,45.61,76.40,56.61,64.85,45.28,59.30,32.31,21.93,8.54,40.45,43.01,22.09,12.37,49.52,43.27,60.21,17.46,46.01,17.46,55.90,36.80,29.73,59.54,9.22,8.06,37.11,54.56,62.20,36.12,69.63,57.87,58.69,43.42,73.78,59.64,25.30,27.07,63.03,52.80,56.22,39.92,16.12
3-1,50.80,105.82,28.18,70.26,59.30,27.59,81.61,90.14,90.80,81.39,89.84,111.41,40.50,27.02,56.65,58.18,24.00,97.53,38.90,36.00,0.00,62.03,65.30,19.92,31.78,79.12,67.68,42.06,89.99,47.01,89.02,58.46,41.76,93.96,78.57,78.03,65.31,60.67,78.75,71.84,60.00,57.45,83.10,63.15,43.01,58.52,34.37,35.51,89.81,42.54,17.89,26.08,97.49,61.35,56.29,9.90,97.51,53.45,28.00,102.20,91.59,84.17,75.64,72.42,13.42,49.24,33.96,76.24,79.01,40.50,48.09,36.06,24.00,51.16,52.47,31.06,52.47,91.55,66.71,27.20,92.66,42.58,32.76,72.56,77.47,98.13,29.55,101.24,73.25,55.54,75.03,98.08,91.55,60.53,46.62,93.02,84.31,87.32,63.01,23.41
3-2,13.89,63.06,55.95,11.31,5.00,46.62,22.47,39.41,57.07,39.56,33.94,65.73,51.22,65.92,69.20,31.95,65.79,53.67,42.20,26.08,62.03,0.00,28.28,43.74,31.40,28.64,40.45,57.31,32.65,15.03,27.00,15.81,24.17,40.31,55.15,16.49,82.20,11.18,53.04,60.44,2.83,34.54,66.61,14.00,75.80,32.70,65.37,51.31,57.71,31.40,46.39,64.62,52.35,18.44,75.82,55.73,51.11,21.10,68.88,66.10,33.84,63.13,29.83,64.20,56.89,24.76,30.68,14.56,17.26,34.41,14.04,71.02,67.23,78.57,11.18,68.48,13.45,31.38,29.02,51.88,37.48,20.62,30.41,14.87,51.04,36.12,57.80,52.20,61.13,74.41,30.08,65.51,39.41,6.32,37.64,48.75,34.00,41.15,40.52,40.45
3-3,22.47,90.25,71.06,37.95,24.02,40.26,46.14,65.80,85.33,67.68,28.28,92.14,36.22,57.08,91.29,58.42,58.31,80.99,30.15,37.20,65.30,28.28,0.00,53.08,35.47,16.12,68.03,77.03,29.83,31.02,41.77,43.01,25.46,65.37,83.00,37.74,104.22,39.05,81.02,86.98,30.07,60.67,94.13,42.19,92.62,9.22,53.15,39.00,85.99,22.85,47.41,56.14,79.48,10.00,96.65,63.01,78.00,46.53,82.02,94.11,56.86,91.00,11.05,90.43,55.03,16.40,45.49,30.00,37.44,25.30,28.79,86.56,79.25,97.35,23.77,82.81,37.48,51.86,57.08,66.84,30.02,28.02,34.71,41.44,79.03,47.17,73.25,78.26,87.82,95.29,58.25,93.74,27.29,22.09,60.41,76.22,20.10,68.62,67.36,42.19
3-4,34.44,86.53,19.92,51.00,41.76,26.00,62.13,70.23,72.25,61.77,74.25,91.92,40.11,37.59,47.01,38.83,35.51,78.03,34.21,18.03,19.92,43.74,53.08,0.00,17.69,64.66,48.92,31.02,73.93,28.86,70.46,38.64,27.66,74.04,61.07,59.14,58.31,41.11,60.88,56.36,41.44,38.42,67.23,43.42,41.15,48.41,42.38,36.00,71.45,32.45,14.32,36.24,77.90,46.87,49.50,12.04,77.83,33.53,29.07,83.63,71.85,67.42,62.20,57.78,22.20,36.77,14.14,58.25,60.21,31.76,30.36,34.48,26.17,47.43,35.47,30.23,33.02,72.11,46.96,16.28,77.37,26.42,18.38,53.08,59.41,79.76,22.14,81.44,57.71,48.37,55.15,79.91,77.18,43.32,28.32,73.43,70.18,67.54,44.55,14.32
3-5,19.10,85.56,36.72,41.11,28.02,17.69,52.81,65.46,74.06,60.11,58.19,89.94,28.46,36.06,61.00,40.31,35.36,76.38,20.22,8.60,31.78,31.40,35.47,17.69,0.00,47.85,51.48,45.35,58.24,17.09,58.22,32.80,10.30,68.10,65.80,47.85,73.25,33.12,64.85,64.54,29.83,41.15,74.33,36.36,58.31,30.81,37.48,25.94,73.78,15.23,15.03,34.67,75.74,29.97,64.85,27.78,75.17,30.48,46.75,85.00,63.69,73.16,44.94,66.91,25.50,19.10,15.13,45.01,48.66,15.30,17.46,51.87,43.84,63.98,21.00,47.80,25.24,62.36,45.34,32.65,61.10,11.00,1.00,44.01,63.06,67.03,38.95,77.80,65.73,63.60,51.74,82.38,60.37,29.02,34.71,71.45,53.24,64.54,48.33,9.06
3-6,30.61,83.74,80.81,34.23,26.63,55.58,38.64,59.03,82.01,64.01,12.17,84.48,52.35,73.01,97.35,60.54,74.11,74.97,46.01,47.20,79.12,28.64,16.12,64.66,47.85,0.00,68.41,84.50,13.93,38.18,30.02,44.38,37.58,57.28,82.57,30.27,110.39,39.56,80.23,88.87,31.30,63.16,94.37,41.76,101.83,25.32,69.26,55.04,83.05,37.66,61.35,72.03,73.16,17.89,103.60,75.59,71.39,49.65,92.80,89.36,47.76,90.43,5.83,92.70,69.86,30.08,54.56,22.09,29.43,40.45,36.07,96.33,90.44,105.55,30.41,93.09,41.34,41.63,56.52,76.58,14.04,38.28,46.96,37.05,78.26,33.24,82.88,70.60,89.49,102.20,55.15,90.02,12.53,24.41,65.73,70.58,5.66,63.29,68.95,55.71
3-7,47.38,38.48,44.92,34.93,44.10,68.80,37.54,30.08,23.35,17.12,70.68,44.60,79.62,85.15,39.00,11.18,83.55,31.05,70.77,42.94,67.68,40.45,68.03,48.92,51.48,68.41,0.00,36.01,68.43,40.02,51.86,25.02,52.50,35.74,15.13,42.19,50.25,29.27,13.60,21.10,38.21,10.63,26.17,26.68,55.23,70.35,88.23,77.41,22.67,61.98,60.96,83.74,31.58,58.03,47.17,57.98,32.25,22.56,56.89,34.71,39.96,23.09,70.21,25.24,70.71,59.03,37.80,48.33,43.57,63.91,41.77,54.04,57.72,53.60,45.18,54.45,31.26,44.82,12.08,43.08,74.25,47.13,51.00,33.12,11.70,60.11,45.35,37.05,21.47,45.88,17.80,31.24,77.62,46.17,21.10,27.29,73.38,24.19,5.10,57.20
3-8,54.92,73.01,13.89,58.83,58.05,57.01,66.71,65.38,55.66,53.01,91.24,79.62,71.03,66.76,16.00,32.28,64.20,66.61,64.50,40.31,42.06,57.31,77.03,31.02,45.35,84.50,36.01,0.00,89.94,46.62,79.26,44.10,52.92,70.71,41.23,67.74,27.89,48.83,42.38,31.40,54.49,29.83,42.64,48.88,19.92,74.85,72.57,67.01,54.08,60.44,45.18,65.52,67.36,68.51,19.70,32.70,68.18,37.44,21.93,66.48,72.80,44.94,83.82,31.11,50.96,62.24,31.78,70.60,69.12,60.64,48.83,18.03,23.85,21.26,54.41,18.97,43.86,75.96,42.20,15.52,94.76,49.19,45.61,59.06,41.76,88.59,12.81,73.06,32.80,18.38,50.99,61.33,96.26,60.21,20.59,63.20,90.14,60.03,31.00,45.04
3-9,39.56,77.10,88.20,33.62,32.76,68.07,33.54,53.04,78.26,60.64,3.16,76.79,65.92,86.09,101.32,62.43,87.01,69.01,59.14,55.95,89.99,32.65,29.83,73.93,58.24,13.93,68.43,89.94,0.00,45.65,21.10,46.86,48.27,50.09,81.34,26.57,114.21,41.87,78.77,89.47,35.47,65.22,93.41,43.01,108.41,39.05,82.73,68.36,79.62,50.04,72.57,85.05,67.00,29.15,108.21,85.44,65.01,53.08,100.85,84.15,40.11,88.87,19.70,93.54,81.74,42.11,62.27,20.25,25.30,53.01,43.83,103.47,98.88,111.20,38.48,100.70,46.10,33.24,56.36,84.06,6.08,47.76,57.28,35.34,76.90,21.10,90.14,63.29,89.89,106.79,52.81,85.71,11.18,30.89,70.01,65.12,12.73,58.42,69.97,66.71
3-10,8.54,70.43,42.80,24.04,13.00,33.84,35.74,49.04,60.84,45.22,46.32,74.28,41.40,52.84,60.37,29.27,52.33,61.07,32.20,11.05,47.01,15.03,31.02,28.86,17.09,38.18,40.02,46.62,45.65,0.00,42.01,17.20,13.04,51.31,55.11,31.14,73.36,16.40,53.60,57.04,13.04,31.06,65.28,19.85,63.66,31.06,53.41,40.31,60.93,22.36,31.78,51.48,60.21,21.95,66.04,40.79,59.41,17.46,55.23,71.20,46.62,62.97,37.20,60.21,42.45,19.10,16.64,29.43,32.06,24.70,2.24,58.26,53.24,67.48,7.81,55.22,9.43,45.35,31.30,38.60,49.65,7.81,16.16,26.93,51.66,51.16,44.82,61.62,58.01,64.66,36.24,69.35,50.33,14.76,29.41,56.08,43.84,48.84,38.21,25.96
4-1,39.62,56.04,80.65,20.62,30.27,72.28,14.42,32.25,58.24,41.23,24.19,55.73,74.25,91.48,88.24,48.41,91.68,48.09,65.92,53.04,89.02,27.00,41.77,70.46,58.22,30.02,51.86,79.26,21.10,42.01,0.00,35.34,50.01,29.02,63.13,11.70,100.66,31.02,60.42,72.80,29.07,51.22,75.18,30.41,98.84,50.00,89.89,75.39,59.77,55.36,73.25,90.25,46.04,35.85,95.80,82.49,44.01,42.05,93.92,63.39,19.03,70.21,35.23,77.01,83.60,47.54,56.89,13.60,10.44,58.52,41.01,94.94,92.72,100.17,37.34,93.05,38.08,12.17,40.31,76.84,27.02,47.27,57.22,20.25,58.67,9.49,82.28,42.19,73.01,94.40,34.67,65.31,32.25,29.61,58.67,44.41,31.95,38.08,54.45,67.27
4-2,23.09,53.26,45.61,14.76,19.10,50.33,24.19,32.76,44.01,28.02,48.60,57.28,58.60,68.82,54.49,16.16,67.96,43.93,49.41,24.70,58.46,15.81,43.01,38.64,32.80,44.38,25.02,44.10,46.86,17.20,35.34,0.00,30.23,35.85,40.01,23.71,67.36,5.00,38.12,44.64,13.34,18.79,51.16,5.10,63.53,45.71,70.09,57.38,44.27,39.45,46.07,67.42,43.14,33.02,61.55,50.36,42.45,6.71,58.94,54.12,33.24,48.01,45.61,48.38,56.80,35.11,24.52,26.87,25.06,41.88,18.36,59.62,58.05,65.22,20.62,57.87,7.81,34.13,14.56,41.98,52.20,25.00,32.02,15.52,36.12,44.78,47.13,45.00,45.35,60.14,19.10,52.55,54.71,21.21,23.60,38.95,49.66,31.83,24.74,40.82
4-3,10.44,83.41,45.80,34.99,19.92,22.47,46.53,61.55,73.79,58.25,48.08,87.11,28.43,41.79,68.01,41.48,41.76,74.03,19.21,12.65,41.76,24.17,25.46,27.66,10.30,37.58,52.50,52.92,48.27,13.04,50.01,30.23,0.00,63.41,67.45,40.50,80.65,29.00,66.10,68.18,23.32,42.95,77.10,32.56,67.42,21.93,41.34,27.66,73.82,9.49,24.33,40.50,73.11,19.70,72.62,38.08,72.25,30.08,56.57,84.22,57.80,75.19,34.67,71.03,34.00,9.43,21.19,36.50,41.11,11.66,12.04,61.22,53.81,72.56,13.00,57.38,22.47,55.54,44.29,41.62,50.92,5.39,9.43,38.28,64.20,58.42,48.01,74.25,69.26,71.31,49.20,82.29,50.09,20.40,39.05,69.03,42.94,61.72,50.22,18.44
4-4,53.81,27.02,77.03,29.00,45.28,85.15,19.24,5.83,31.91,19.24,53.15,27.20,91.35,104.10,74.67,39.01,103.45,19.42,82.22,60.37,93.96,40.31,65.37,74.04,68.10,57.28,35.74,70.71,50.09,51.31,29.02,35.85,63.41,0.00,41.23,27.73,85.43,34.99,38.42,53.54,40.36,41.11,52.33,31.76,90.43,71.85,104.62,91.05,33.84,71.51,81.86,102.73,17.26,56.86,82.87,85.38,15.13,40.52,90.01,34.93,10.00,46.69,61.68,57.69,92.61,65.07,60.08,35.85,28.23,74.41,51.61,88.46,90.05,89.29,50.99,88.09,42.94,17.03,29.00,74.17,56.04,58.82,67.23,25.46,37.20,32.98,78.00,13.34,53.25,81.60,20.00,37.70,61.20,46.10,52.00,16.55,60.21,12.81,40.26,76.48
4-5,62.51,33.02,53.00,48.51,59.01,82.76,48.76,35.47,15.03,22.67,83.82,40.00,94.15,98.23,38.00,25.96,96.40,28.86,85.44,57.38,78.57,55.15,83.00,61.07,65.80,82.57,15.13,41.23,81.34,55.11,63.13,40.01,67.45,41.23,0.00,54.78,46.32,44.05,2.83,13.34,53.04,24.70,12.08,41.19,57.87,85.48,101.87,91.71,13.15,76.92,74.06,96.83,30.36,73.00,46.04,68.68,31.95,37.66,63.16,25.30,48.17,8.00,84.72,17.09,83.24,74.15,51.48,61.68,56.08,78.75,56.89,58.52,64.85,54.04,60.30,60.17,46.39,54.20,26.17,52.20,87.32,62.10,65.39,46.17,4.47,70.46,52.84,37.34,12.65,45.01,28.64,20.12,91.09,61.03,32.80,27.31,87.32,28.43,17.46,70.83
4-6,30.08,53.60,68.95,8.94,20.62,62.97,8.54,28.86,52.24,34.37,29.12,54.78,66.57,82.28,77.23,37.48,82.22,44.72,57.80,42.05,78.03,16.49,37.74,59.14,47.85,30.27,42.19,67.74,26.57,31.14,11.70,23.71,40.50,27.73,54.78,0.00,89.83,19.31,52.20,63.29,18.11,40.31,66.85,18.87,87.24,44.69,81.39,67.12,53.46,47.01,62.80,80.99,42.95,29.73,84.65,71.18,41.23,30.41,82.22,59.14,19.21,62.30,34.21,67.42,73.35,39.66,45.40,8.25,1.41,50.12,30.41,83.26,81.04,88.75,27.51,81.34,26.48,15.26,30.23,65.15,32.57,37.11,46.87,9.22,50.33,21.19,70.58,40.85,63.63,83.24,26.25,60.03,36.67,20.59,47.17,40.31,34.00,33.06,44.20,56.89
4-7,81.84,78.64,39.00,81.32,83.76,84.21,86.83,79.62,60.83,66.21,115.88,85.71,98.41,91.79,13.04,52.35,88.96,75.19,92.23,68.01,65.31,82.20,104.22,58.31,73.25,110.39,50.25,27.89,114.21,73.36,100.66,67.36,80.65,85.43,46.32,89.83,0.00,72.35,48.76,32.98,79.40,49.52,40.00,71.45,24.19,102.53,98.33,94.19,58.69,88.32,72.06,90.67,76.66,95.29,9.06,57.31,78.16,61.22,38.28,69.07,90.21,45.10,110.28,29.43,76.32,89.89,59.46,94.18,91.24,88.53,75.59,30.08,42.06,15.81,81.01,34.79,69.07,94.87,60.61,42.11,119.47,76.69,73.50,80.66,49.34,109.48,37.01,83.52,33.73,10.00,67.96,63.03,121.61,85.98,44.65,73.38,115.94,73.01,46.62,72.56
4-8,20.59,54.64,49.65,10.44,15.03,50.22,21.02,32.65,46.84,29.97,43.60,58.14,57.38,69.12,59.46,21.02,68.48,45.22,48.17,25.63,60.67,11.18,39.05,41.11,33.12,39.56,29.27,48.83,41.87,16.40,31.02,5.00,29.00,34.99,44.05,19.31,72.35,0.00,42.00,49.34,9.00,23.71,55.44,3.61,68.10,42.45,69.81,56.59,47.30,37.80,47.17,67.74,44.20,29.07,66.48,53.04,43.28,11.40,62.94,56.46,31.05,52.04,41.00,53.14,57.94,32.65,27.02,21.93,20.62,40.46,16.97,63.98,61.85,70.00,17.89,62.03,8.25,31.02,18.03,45.88,47.20,24.08,32.25,12.00,40.00,40.50,51.26,45.28,50.00,65.07,20.59,55.36,49.74,17.00,28.43,40.22,44.78,32.80,29.41,41.63
4-9,60.83,31.14,53.71,46.10,57.01,81.99,46.07,32.65,13.34,19.85,81.27,38.05,93.11,97.80,40.05,24.70,96.05,26.48,84.31,56.36,78.75,53.04,81.02,60.88,64.85,80.23,13.60,42.38,78.77,53.60,60.42,38.12,66.10,38.42,2.83,52.20,48.76,42.00,0.00,15.81,51.00,23.71,14.76,39.05,59.54,83.73,101.24,90.79,11.70,75.58,73.60,96.40,27.89,71.03,48.17,68.88,29.41,36.14,64.26,24.17,45.34,10.20,82.49,19.70,82.98,72.57,50.77,59.20,53.49,77.49,55.32,59.91,65.80,56.00,58.55,61.35,44.72,51.40,24.02,52.70,84.76,60.73,64.40,43.68,2.00,67.68,53.67,34.79,15.23,47.10,26.00,19.42,88.60,59.00,32.56,24.70,84.93,25.61,16.64,70.18
4-10,65.19,46.04,44.55,55.90,63.56,80.32,58.41,47.71,28.07,34.41,91.68,53.08,92.89,93.94,25.18,28.64,91.79,42.20,84.72,56.72,71.84,60.44,86.98,56.36,64.54,88.87,21.10,31.40,89.47,57.04,72.80,44.64,68.18,53.54,13.34,63.29,32.98,49.34,15.81,0.00,57.97,26.31,11.31,47.17,45.88,88.09,98.49,89.84,26.02,77.41,70.26,92.59,43.68,77.10,33.02,62.01,45.22,40.45,53.00,37.34,59.55,13.93,90.25,4.24,78.39,76.00,49.48,69.32,64.66,78.77,59.08,47.42,55.22,41.30,63.39,49.74,49.50,65.05,33.12,44.69,95.26,63.07,64.33,54.20,16.55,80.81,43.93,50.60,1.41,32.06,38.29,31.58,98.49,65.73,29.83,40.50,93.98,40.82,19.92,68.01
5-1,13.45,62.27,53.24,11.66,6.08,45.62,23.26,39.05,55.54,38.28,36.77,65.22,50.99,64.88,66.40,29.41,64.62,52.84,41.87,24.00,60.00,2.83,30.07,41.44,29.83,31.30,38.21,54.49,35.47,13.04,29.07,13.34,23.32,40.36,53.04,18.11,79.40,9.00,51.00,57.97,0.00,31.95,64.38,12.17,73.01,33.84,64.66,50.80,56.09,31.14,44.72,63.56,51.62,20.10,73.00,53.46,50.48,18.36,66.21,64.85,34.48,61.03,32.28,61.68,55.32,25.00,28.16,17.09,19.03,34.06,12.37,68.26,64.62,75.74,10.63,65.76,10.63,32.57,27.02,49.19,40.31,19.31,28.86,15.00,49.00,38.33,55.07,51.86,58.69,71.59,28.79,64.03,42.20,8.00,34.83,47.89,36.72,40.31,38.08,38.83
5-2,39.01,48.37,36.35,31.89,37.36,58.31,37.74,36.00,33.94,24.74,67.12,54.13,69.46,74.52,37.01,2.83,72.92,40.31,60.75,32.70,57.45,34.54,60.67,38.42,41.15,63.16,10.63,29.83,65.22,31.06,51.22,18.79,42.95,41.11,24.70,40.31,49.52,23.71,23.71,26.31,31.95,0.00,34.23,22.20,49.73,62.00,77.67,67.08,33.30,52.39,50.33,73.11,40.50,50.80,44.65,47.89,40.80,14.14,49.04,45.28,43.01,32.28,64.20,29.83,60.11,50.16,27.20,45.00,41.73,54.12,33.02,47.38,49.37,49.66,37.12,47.01,23.19,46.52,12.37,33.96,70.72,37.66,40.72,31.14,21.95,60.22,37.12,45.12,27.17,43.27,21.21,41.87,73.43,39.56,11.40,36.06,68.45,31.40,7.28,46.62
5-3,73.06,39.29,55.87,60.44,70.26,90.62,60.83,46.69,22.36,34.41,95.86,46.32,102.79,104.81,34.79,36.06,102.73,37.59,94.37,66.22,83.10,66.61,94.13,67.23,74.33,94.37,26.17,42.64,93.41,65.28,75.18,51.16,77.10,52.33,12.08,66.85,40.00,55.44,14.76,11.31,64.38,34.23,0.00,52.77,56.08,96.08,109.12,99.96,20.12,86.49,80.95,103.45,39.45,84.15,41.98,73.25,41.34,48.04,64.07,29.15,59.82,5.83,96.34,12.08,89.36,84.38,59.46,73.68,68.15,88.07,67.19,58.18,66.40,50.70,71.01,60.75,57.01,66.03,37.85,55.97,99.37,71.85,74.04,58.19,16.55,82.38,55.23,46.65,9.90,41.23,40.72,23.09,103.09,72.34,39.92,37.20,99.20,39.62,27.07,78.39
5-4,24.19,51.04,50.70,10.00,18.25,53.60,19.10,29.21,43.42,26.40,44.94,54.56,60.96,72.40,58.69,19.42,71.69,41.62,51.74,28.64,63.15,14.00,42.19,43.42,36.36,41.76,26.68,48.88,43.01,19.85,30.41,5.10,32.56,31.76,41.19,18.87,71.45,3.61,39.05,47.17,12.17,22.20,52.77,0.00,68.43,45.88,73.25,60.11,43.93,41.40,50.16,71.02,40.61,32.25,65.95,55.23,39.70,11.70,64.03,52.92,28.44,49.16,43.57,51.08,60.93,36.24,29.27,22.80,20.25,44.05,20.52,64.62,63.15,69.89,21.47,62.94,11.18,29.07,15.03,47.07,48.55,27.59,35.51,10.44,37.05,39.81,52.20,41.77,47.76,64.54,17.00,51.92,51.43,20.10,28.30,36.62,46.82,29.21,27.31,44.72
5-5,71.45,90.67,21.63,78.29,75.93,65.52,86.54,85.00,72.84,72.34,109.48,97.51,79.81,70.00,21.47,52.20,67.01,85.05,75.03,55.44,43.01,75.80,92.62,41.15,58.31,101.83,55.23,19.92,108.41,63.66,98.84,63.53,67.42,90.43,57.87,87.24,24.19,68.10,59.54,45.88,73.01,49.73,56.08,68.43,0.00,89.04,77.10,75.19,71.02,73.43,53.16,69.01,86.01,84.96,16.28,36.50,87.01,56.82,15.03,82.98,92.72,59.77,100.50,44.01,55.23,76.84,47.42,89.59,88.59,72.90,65.76,7.07,19.03,8.54,71.42,12.04,62.43,95.86,62.10,25.81,112.93,64.66,58.83,78.72,59.30,108.23,19.42,92.05,47.13,16.28,70.83,77.37,113.95,77.99,40.31,82.01,107.49,79.40,50.36,55.15
5-6,23.02,95.71,67.42,43.42,27.86,32.31,52.80,71.69,89.29,72.11,37.48,98.11,27.07,48.26,89.81,60.03,49.65,86.33,21.59,34.54,58.52,32.70,9.22,48.41,30.81,25.32,70.35,74.85,39.05,31.06,50.00,45.71,21.93,71.85,85.48,44.69,102.53,42.45,83.73,88.09,33.84,62.00,96.08,45.88,89.04,0.00,44.05,30.07,89.74,16.28,40.80,47.38,84.97,15.00,94.54,57.31,83.65,48.04,77.47,98.68,63.89,93.43,20.02,91.27,47.42,12.65,43.08,37.48,44.60,18.03,29.02,82.66,74.41,94.41,25.18,78.60,39.12,59.40,60.21,63.29,39.12,25.96,30.23,47.01,81.74,55.95,69.64,84.38,89.05,93.23,62.63,97.80,36.06,26.40,60.02,81.44,29.00,73.82,69.03,36.12
5-7,51.48,123.04,59.54,76.32,60.83,19.80,87.82,102.45,111.21,97.59,81.39,127.35,17.00,8.06,88.28,77.20,11.18,113.85,24.04,46.01,34.37,65.37,53.15,42.38,37.48,69.26,88.23,72.57,82.73,53.41,89.89,70.09,41.34,104.62,101.87,81.39,98.33,69.81,101.24,98.49,64.66,77.67,109.12,73.25,77.10,44.05,0.00,14.56,110.80,34.54,28.23,8.54,113.17,54.82,89.27,41.05,112.54,67.94,62.20,122.29,99.13,108.78,64.07,100.09,22.02,42.38,50.48,76.32,81.86,31.38,53.01,70.06,58.22,85.01,54.20,65.07,62.37,96.60,82.81,57.07,83.15,45.80,38.18,79.61,99.57,97.42,61.40,114.98,99.81,88.36,89.14,119.40,80.00,60.84,69.35,108.90,73.03,101.91,84.60,31.06
5-8,37.44,110.63,55.33,62.43,46.65,10.00,73.78,89.20,99.86,85.28,67.12,114.59,5.00,18.25,83.01,66.24,19.92,101.32,9.49,34.48,35.51,51.31,39.00,36.00,25.94,55.04,77.41,67.01,68.36,40.31,75.39,57.38,27.66,91.05,91.71,67.12,94.19,56.59,90.79,89.84,50.80,67.08,99.96,60.11,75.19,30.07,14.56,0.00,99.64,20.12,22.20,17.46,100.50,40.26,85.29,38.90,99.72,56.04,61.03,110.68,85.15,99.01,50.01,91.92,22.20,27.86,40.50,61.85,67.54,17.00,39.62,68.15,57.25,82.38,40.22,63.32,49.58,82.37,70.80,52.09,69.01,32.53,26.42,65.80,89.01,82.86,57.43,101.86,91.09,84.21,76.49,108.23,66.12,46.53,60.08,96.33,59.03,89.14,74.25,22.20
5-9,67.36,20.02,65.30,49.01,62.17,91.26,46.10,28.65,2.24,19.10,82.38,27.07,101.60,107.81,51.04,33.60,106.22,17.49,92.59,65.19,89.81,57.71,85.99,71.45,73.78,83.05,22.67,54.08,79.62,60.93,59.77,44.27,73.82,33.84,13.15,53.46,58.69,47.30,11.70,26.02,56.09,33.30,20.12,43.93,71.02,89.74,110.80,99.64,0.00,83.26,83.63,106.40,19.42,76.12,59.00,80.00,21.40,43.83,75.96,12.53,42.49,14.32,86.02,29.27,93.35,79.38,60.44,61.20,54.59,85.43,62.39,71.57,77.47,67.12,64.85,73.05,51.62,49.24,29.73,64.14,85.70,68.45,73.25,46.01,12.53,65.80,65.31,26.63,25.08,58.01,28.02,8.60,90.09,63.95,43.28,17.69,87.28,21.93,26.91,79.81
5-10,17.69,92.42,51.88,42.64,26.63,18.03,53.82,70.04,83.19,67.42,49.25,95.90,19.85,36.50,75.93,50.96,37.12,83.01,10.82,21.02,42.54,31.40,22.85,32.45,15.23,37.66,61.98,60.44,50.04,22.36,55.36,39.45,9.49,71.51,76.92,47.01,88.32,37.80,75.58,77.41,31.14,52.39,86.49,41.40,73.43,16.28,34.54,20.12,83.26,0.00,24.70,35.36,82.01,21.02,80.01,41.04,81.06,39.56,61.40,93.54,65.22,84.65,33.53,80.16,32.28,8.06,29.27,41.79,47.41,3.16,21.10,66.89,58.26,79.20,20.52,62.68,31.76,62.27,53.67,47.85,51.62,14.87,14.87,46.10,73.68,63.06,54.12,82.81,78.52,78.75,58.25,91.71,49.73,26.42,48.01,78.01,42.45,70.60,59.67,19.85
6-1,34.01,97.31,33.14,55.79,43.05,12.37,67.45,78.77,84.22,72.01,72.28,102.20,26.68,24.21,61.13,50.21,22.63,88.41,22.47,21.54,17.89,46.39,47.41,14.32,15.03,61.35,60.96,45.18,72.57,31.78,73.25,46.07,24.33,81.86,74.06,62.80,72.06,47.17,73.60,70.26,44.72,50.33,80.95,50.16,53.16,40.80,28.23,22.20,83.63,24.70,0.00,22.80,88.01,43.68,63.13,17.49,87.66,42.44,39.40,95.48,78.11,80.78,57.78,71.87,10.77,31.38,23.35,60.03,63.64,22.80,32.39,46.17,35.78,60.21,36.01,41.44,39.00,77.13,57.01,30.00,75.00,26.02,16.03,58.52,72.01,82.05,35.23,90.74,71.59,62.07,64.35,92.20,73.74,44.00,41.34,83.60,66.48,77.10,57.01,6.00
6-2,50.92,119.67,52.17,75.15,60.41,18.03,86.82,100.12,106.96,94.26,84.00,124.33,21.54,1.41,81.02,72.92,2.83,110.63,26.02,42.80,26.08,64.62,56.14,36.24,34.67,72.03,83.74,65.52,85.05,51.48,90.25,67.42,40.50,102.73,96.83,80.99,90.67,67.74,96.40,92.59,63.56,73.11,103.45,71.02,69.01,47.38,8.54,17.46,106.40,35.36,22.80,0.00,110.11,56.32,81.61,33.38,109.64,64.54,54.04,118.19,97.94,103.46,67.19,93.94,14.56,43.42,46.01,76.66,81.60,32.25,51.43,62.00,50.04,77.03,53.49,57.00,59.91,96.01,79.31,50.00,86.05,44.28,35.51,78.26,94.81,98.27,53.94,112.41,93.94,80.75,86.21,114.98,83.38,60.73,64.07,105.76,76.24,99.02,79.81,26.91
6-3,64.64,10.77,76.40,41.63,57.31,93.38,34.53,14.14,17.20,16.12,70.01,14.21,101.53,111.52,67.60,39.40,110.42,2.24,92.31,67.36,97.49,52.35,79.48,77.90,75.74,73.16,31.58,67.36,67.00,60.21,46.04,43.14,73.11,17.26,30.36,42.95,76.66,44.20,27.89,43.68,51.62,40.50,39.45,40.61,86.01,84.97,113.17,100.50,19.42,82.01,88.01,110.11,0.00,70.26,75.80,88.14,2.24,45.61,88.46,17.72,27.17,33.62,77.13,47.43,98.47,76.55,64.90,51.20,43.74,84.65,61.07,85.38,89.27,83.29,61.85,85.99,50.93,34.23,31.06,74.33,73.01,68.01,75.01,38.08,27.46,50.22,76.90,7.21,43.01,74.67,24.04,21.10,78.03,58.59,51.87,4.47,76.53,11.40,36.67,83.24
6-4,13.60,81.02,63.64,28.64,14.04,39.00,37.80,56.82,75.50,57.97,28.64,83.24,38.63,57.43,82.30,48.51,58.14,71.69,30.81,29.73,61.35,18.44,10.00,46.87,29.97,17.89,58.03,68.51,29.15,21.95,35.85,33.02,19.70,56.86,73.00,29.73,95.29,29.07,71.03,77.10,20.10,50.80,84.15,32.25,84.96,15.00,54.82,40.26,76.12,21.02,43.68,56.32,70.26,0.00,87.98,57.71,68.88,36.67,75.29,84.48,48.92,81.00,15.56,80.60,52.61,13.00,37.54,22.80,29.70,24.08,19.72,79.20,72.80,89.20,14.32,75.74,27.66,44.60,47.10,59.40,31.32,20.62,29.07,32.20,69.03,42.72,65.76,69.46,77.93,86.61,48.51,83.95,30.41,12.17,51.08,66.85,23.32,59.24,57.43,37.95
6-5,74.43,79.01,30.02,75.93,77.01,75.33,82.38,77.16,61.01,63.89,109.71,86.02,89.56,82.73,8.25,47.43,79.91,74.55,83.55,60.01,56.29,75.82,96.65,49.50,64.85,103.60,47.17,19.70,108.21,66.04,95.80,61.55,72.62,82.87,46.04,84.65,9.06,66.48,48.17,33.02,73.00,44.65,41.98,65.95,16.28,94.54,89.27,85.29,59.00,80.01,63.13,81.61,75.80,87.98,0.00,48.26,77.10,55.15,29.55,70.26,86.76,46.39,103.17,30.27,67.27,81.94,51.48,88.41,86.05,80.08,68.26,21.47,33.24,8.94,73.78,26.00,62.48,90.92,56.44,33.24,113.28,68.88,65.15,75.60,48.37,104.86,28.00,82.38,34.06,1.41,64.40,64.38,115.11,79.20,38.21,72.18,109.20,70.88,42.95,63.79
6-6,45.88,96.25,18.97,63.01,53.60,29.55,74.06,81.32,81.02,72.09,85.62,101.97,43.66,34.53,47.80,48.75,31.78,88.10,39.96,29.83,9.90,55.73,63.01,12.04,27.78,75.59,57.98,32.70,85.44,40.79,82.49,50.36,38.08,85.38,68.68,71.18,57.31,53.04,68.88,62.01,53.46,47.89,73.25,55.23,36.50,57.31,41.05,38.90,80.00,41.04,17.49,33.38,88.14,57.71,48.26,0.00,88.24,44.91,22.14,92.42,83.60,74.28,72.72,62.68,19.03,46.62,26.02,70.21,72.25,39.62,42.20,29.43,18.38,44.10,47.13,24.52,45.00,84.05,57.58,17.49,88.64,37.70,28.65,65.03,67.62,91.79,20.62,92.11,63.41,47.38,66.10,88.24,88.12,55.08,36.89,83.67,81.01,78.19,53.25,21.21
6-7,63.60,12.37,76.90,40.25,56.08,92.76,32.76,12.37,19.21,16.16,68.03,14.87,100.66,111.04,68.88,39.56,110.00,4.47,91.44,66.84,97.51,51.11,78.00,77.83,75.17,71.39,32.25,68.18,65.01,59.41,44.01,42.45,72.25,15.13,31.95,41.23,78.16,43.28,29.41,45.22,50.48,40.80,41.34,39.70,87.01,83.65,112.54,99.72,21.40,81.06,87.66,109.64,2.24,68.88,77.10,88.24,0.00,45.22,89.11,19.92,25.08,35.51,75.43,49.04,98.18,75.45,64.66,49.48,41.98,83.74,60.21,86.21,89.82,84.48,60.80,86.70,50.21,32.14,30.89,74.73,71.00,67.21,74.41,36.67,28.86,48.05,77.47,5.39,44.60,75.95,23.43,23.32,76.06,57.31,52.20,5.00,74.67,10.63,37.34,82.80
6-8,25.02,55.17,39.05,21.47,23.41,48.17,30.59,36.77,43.91,29.73,54.67,59.82,57.80,65.95,48.27,12.00,64.82,46.10,48.76,21.93,53.45,21.10,46.53,33.53,30.48,49.65,22.56,37.44,53.08,17.46,42.05,6.71,30.08,40.52,37.66,30.41,61.22,11.40,36.14,40.45,18.36,14.14,48.04,11.70,56.82,48.04,67.94,56.04,43.83,39.56,42.44,64.54,45.61,36.67,55.15,44.91,45.22,0.00,52.39,54.64,39.01,45.54,50.33,43.93,53.00,36.50,19.70,33.30,31.76,41.63,19.24,52.92,51.62,58.60,23.02,51.24,9.06,40.45,14.87,35.51,58.26,24.70,29.83,22.14,34.21,51.48,40.52,48.37,41.30,53.74,21.95,52.35,60.46,25.63,17.03,41.23,55.07,34.67,21.00,37.64
6-9,62.20,94.64,13.34,73.38,68.10,51.62,82.98,85.02,77.49,73.44,101.55,101.14,65.79,55.01,32.02,51.00,52.00,87.86,61.72,45.61,28.00,68.88,82.02,29.07,46.75,92.80,56.89,21.93,100.85,55.23,93.92,58.94,56.57,90.01,63.16,82.22,38.28,62.94,64.26,53.00,66.21,49.04,64.07,64.03,15.03,77.47,62.20,61.03,75.96,61.40,39.40,54.04,88.46,75.29,29.55,22.14,89.11,52.39,0.00,88.39,90.67,66.73,90.79,52.20,40.45,65.80,38.59,83.26,83.49,60.46,57.14,8.25,4.00,23.35,62.68,3.61,56.08,92.76,61.01,17.09,104.85,54.67,47.42,74.46,63.57,103.41,12.04,93.77,54.38,29.07,70.01,83.26,105.21,69.97,38.01,84.17,98.41,80.31,51.79,42.19
6-10,76.97,11.40,77.83,56.29,70.84,102.62,51.01,31.14,11.40,26.57,87.09,17.89,112.36,119.60,62.51,45.28,118.11,15.52,103.25,76.40,102.20,66.10,94.11,83.63,85.00,89.36,34.71,66.48,84.15,71.20,63.39,54.12,84.22,34.93,25.30,59.14,69.07,56.46,24.17,37.34,64.85,45.28,29.15,52.92,82.98,98.68,122.29,110.68,12.53,93.54,95.48,118.19,17.72,84.48,70.26,92.42,19.92,54.64,88.39,0.00,44.72,24.00,92.91,40.05,105.38,89.05,72.18,67.27,60.07,95.88,72.47,83.82,89.96,78.64,74.32,85.44,61.77,51.79,39.96,76.66,90.20,78.89,84.40,52.95,25.06,67.91,77.82,23.71,36.22,69.35,36.06,6.08,95.05,72.42,55.61,19.03,93.09,26.08,39.20,91.44
7-1,47.71,37.01,77.41,22.83,38.60,80.06,11.40,13.93,40.72,25.50,43.19,36.88,85.00,99.28,78.71,40.52,98.90,29.27,76.03,56.61,91.59,33.84,56.86,71.85,63.69,47.76,39.96,72.80,40.11,46.62,19.03,33.24,57.80,10.00,48.17,19.21,90.21,31.05,45.34,59.55,34.48,43.01,59.82,28.44,92.72,63.89,99.13,85.15,42.49,65.22,78.11,97.94,27.17,48.92,86.76,83.60,25.08,39.01,90.67,44.72,0.00,54.41,52.39,63.78,88.87,58.26,57.71,26.93,19.42,68.24,46.52,90.03,90.27,92.48,44.94,89.11,39.29,7.07,30.68,74.17,46.04,53.67,62.77,19.70,43.86,23.41,78.64,23.19,59.46,85.43,22.36,47.13,51.24,39.05,52.95,25.96,50.45,20.59,43.83,72.45
7-2,70.46,33.73,57.63,56.29,67.01,89.90,55.95,41.11,16.55,29.15,91.39,40.79,101.59,104.85,38.83,33.73,102.90,31.76,92.97,64.85,84.17,63.13,91.00,67.42,73.16,90.43,23.09,44.94,88.87,62.97,70.21,48.01,75.19,46.69,8.00,62.30,45.10,52.04,10.20,13.93,61.03,32.28,5.83,49.16,59.77,93.43,108.78,99.01,14.32,84.65,80.78,103.46,33.62,81.00,46.39,74.28,35.51,45.54,66.73,24.00,54.41,0.00,92.66,16.12,89.63,82.04,58.60,69.38,63.57,86.40,64.78,61.33,68.80,54.92,68.26,63.53,54.33,60.75,34.13,57.31,94.87,69.86,72.80,53.85,12.17,77.18,57.20,40.82,12.65,45.54,36.06,18.03,98.76,69.03,39.45,31.40,95.13,34.06,25.00,77.83
7-3,29.07,87.80,79.20,37.01,26.93,51.20,42.72,63.06,85.09,67.12,17.72,88.87,47.10,68.12,97.25,61.68,69.35,78.85,41.19,45.28,75.64,29.83,11.05,62.20,44.94,5.83,70.21,83.82,19.70,37.20,35.23,45.61,34.67,61.68,84.72,34.21,110.28,41.00,82.49,90.25,32.28,64.20,96.34,43.57,100.50,20.02,64.07,50.01,86.02,33.53,57.78,67.19,77.13,15.56,103.17,72.72,75.43,50.33,90.79,92.91,52.39,92.66,0.00,93.96,65.80,26.40,53.08,25.96,33.53,36.14,35.00,94.75,88.24,104.64,29.41,91.29,41.63,46.53,58.55,74.95,19.10,36.12,44.10,40.11,80.50,38.95,81.32,74.95,90.96,101.79,58.01,93.26,16.28,24.70,65.76,74.33,9.06,66.91,70.34,52.33
7-4,68.47,49.25,44.69,59.94,67.19,82.28,62.63,51.87,31.40,38.60,95.71,56.32,95.13,95.27,22.80,32.28,93.02,45.88,87.13,59.30,72.42,64.20,90.43,57.78,66.91,92.70,25.24,31.11,93.54,60.21,77.01,48.38,71.03,57.69,17.09,67.42,29.43,53.14,19.70,4.24,61.68,29.83,12.08,51.08,44.01,91.27,100.09,91.92,29.27,80.16,71.87,93.94,47.43,80.60,30.27,62.68,49.04,43.93,52.20,40.05,63.78,16.12,93.96,0.00,79.61,79.06,51.79,73.36,68.80,81.39,62.29,46.14,54.67,38.83,66.75,48.83,52.95,69.30,37.22,45.22,99.30,66.00,66.75,58.31,20.59,85.04,43.86,54.42,4.47,29.43,42.52,34.13,102.46,69.38,32.25,44.38,97.86,44.94,23.77,69.92
7-5,44.10,107.62,37.66,66.48,53.34,15.26,78.16,89.47,94.05,82.42,81.22,112.65,27.20,15.81,66.49,60.21,13.42,98.81,26.63,32.31,13.42,56.89,55.03,22.20,25.50,69.86,70.71,50.96,81.74,42.45,83.60,56.80,34.00,92.61,83.24,73.35,76.32,57.94,82.98,78.39,55.32,60.11,89.36,60.93,55.23,47.42,22.02,22.20,93.35,32.28,10.77,14.56,98.47,52.61,67.27,19.03,98.18,53.00,40.45,105.38,88.87,89.63,65.80,79.61,0.00,39.81,33.60,70.26,74.15,29.73,42.95,48.17,36.50,63.03,46.27,43.19,49.77,87.80,67.42,35.44,83.74,36.35,26.48,69.26,81.47,92.27,39.46,101.36,79.76,66.37,74.95,101.86,82.01,54.15,50.45,94.05,74.73,87.66,66.53,16.49
7-6,12.08,87.13,55.22,36.07,19.80,26.00,46.86,64.03,79.12,62.61,41.44,90.21,26.93,44.55,77.16,48.37,45.18,77.70,18.38,21.93,49.24,24.76,16.40,36.77,19.10,30.08,59.03,62.24,42.11,19.10,47.54,35.11,9.43,65.07,74.15,39.66,89.89,32.65,72.57,76.00,25.00,50.16,84.38,36.24,76.84,12.65,42.38,27.86,79.38,8.06,31.38,43.42,76.55,13.00,81.94,46.62,75.45,36.50,65.80,89.05,58.26,82.04,26.40,79.06,39.81,0.00,30.46,34.01,39.96,11.18,17.26,70.60,62.94,81.99,14.76,66.71,27.89,54.92,49.65,51.04,43.93,13.34,18.38,39.62,70.61,55.08,57.43,76.84,77.01,80.62,53.24,87.66,42.38,19.21,47.52,72.72,35.11,65.19,57.31,25.94
7-7,24.04,74.03,26.25,37.05,29.53,31.30,48.04,56.46,60.96,48.83,62.97,79.06,43.42,47.42,46.84,26.91,45.97,65.22,35.36,8.54,33.96,30.68,45.49,14.14,15.13,54.56,37.80,31.78,62.27,16.64,56.89,24.52,21.19,60.08,51.48,45.40,59.46,27.02,50.77,49.48,28.16,27.20,59.46,29.27,47.42,43.08,50.48,40.50,60.44,29.27,23.35,46.01,64.90,37.54,51.48,26.02,64.66,19.70,38.59,72.18,57.71,58.60,53.08,51.79,33.60,30.46,0.00,45.22,46.53,30.02,18.60,41.77,36.67,51.87,24.21,38.60,19.03,58.03,33.84,22.02,66.29,17.49,15.03,39.01,49.09,66.29,28.32,68.00,50.70,50.16,41.59,69.03,66.84,31.38,19.65,60.46,60.21,54.20,34.13,19.42
7-8,26.17,61.85,70.21,13.42,17.00,58.69,16.76,37.11,60.07,42.11,22.36,62.97,60.83,77.88,81.34,42.20,78.10,52.95,52.39,40.45,76.24,14.56,30.00,58.25,45.01,22.09,48.33,70.60,20.25,29.43,13.60,26.87,36.50,35.85,61.68,8.25,94.18,21.93,59.20,69.32,17.09,45.00,73.68,22.80,89.59,37.48,76.32,61.85,61.20,41.79,60.03,76.66,51.20,22.80,88.41,70.21,49.48,33.30,83.26,67.27,26.93,69.38,25.96,73.36,70.26,34.01,45.22,0.00,7.62,44.94,28.16,85.09,81.71,91.83,24.02,82.73,27.29,21.93,36.25,66.21,25.94,34.01,44.01,15.52,57.28,22.02,72.01,49.04,69.78,87.00,33.54,68.00,29.41,16.12,50.33,48.51,26.08,41.19,49.74,54.04
7-9,30.68,54.34,70.23,10.30,21.19,63.57,9.22,29.61,53.34,35.51,27.89,55.36,66.89,82.87,78.64,38.90,82.86,45.54,58.18,43.01,79.01,17.26,37.44,60.21,48.66,29.43,43.57,69.12,25.30,32.06,10.44,25.06,41.11,28.23,56.08,1.41,91.24,20.62,53.49,64.66,19.03,41.73,68.15,20.25,88.59,44.60,81.86,67.54,54.59,47.41,63.64,81.60,43.74,29.70,86.05,72.25,41.98,31.76,83.49,60.07,19.42,63.57,33.53,68.80,74.15,39.96,46.53,7.62,0.00,50.54,31.26,84.58,82.28,90.14,28.16,82.64,27.66,15.00,31.62,66.41,31.32,37.85,47.68,10.63,51.62,19.92,71.87,41.44,65.00,84.65,27.51,61.07,35.51,21.02,48.55,41.19,33.02,34.01,45.61,57.71
7-10,20.62,95.00,51.48,45.61,29.68,15.13,56.86,72.84,85.42,69.89,52.15,98.60,16.97,33.38,76.30,52.81,34.06,85.60,7.81,22.09,40.50,34.41,25.30,31.76,15.30,40.45,63.91,60.64,53.01,24.70,58.52,41.88,11.66,74.41,78.75,50.12,88.53,40.46,77.49,78.77,34.06,54.12,88.07,44.05,72.90,18.03,31.38,17.00,85.43,3.16,22.80,32.25,84.65,24.08,80.08,39.62,83.74,41.63,60.46,95.88,68.24,86.40,36.14,81.39,29.73,11.18,30.02,44.94,50.54,0.00,23.60,66.24,57.20,78.92,23.43,61.91,34.13,65.37,55.95,47.54,54.45,17.00,15.13,49.04,75.61,66.22,53.71,85.59,79.91,78.85,60.80,93.91,52.39,29.53,49.16,80.60,45.12,73.25,61.40,18.44
8-1,6.32,71.40,44.82,23.77,11.40,33.62,35.47,49.58,62.24,46.32,44.42,75.07,40.46,52.77,62.61,31.14,52.39,62.01,31.24,12.37,48.09,14.04,28.79,30.36,17.46,36.07,41.77,48.83,43.83,2.24,41.01,18.36,12.04,51.61,56.89,30.41,75.59,16.97,55.32,59.08,12.37,33.02,67.19,20.52,65.76,29.02,53.01,39.62,62.39,21.10,32.39,51.43,61.07,19.72,68.26,42.20,60.21,19.24,57.14,72.47,46.52,64.78,35.00,62.29,42.95,17.26,18.60,28.16,31.26,23.60,0.00,60.31,55.07,69.66,5.66,57.20,10.77,44.92,32.70,40.61,47.71,7.21,16.49,26.83,53.37,50.04,46.86,62.24,60.03,66.89,37.20,70.77,48.27,13.00,31.62,57.01,41.73,49.68,40.11,26.48
8-2,65.80,90.80,15.56,74.32,70.80,58.52,83.17,83.22,73.25,71.00,104.40,97.49,72.80,63.01,24.76,49.65,60.03,84.59,68.15,49.52,36.06,71.02,86.56,34.48,51.87,96.33,54.04,18.03,103.47,58.26,94.94,59.62,61.22,88.46,58.52,83.26,30.08,63.98,59.91,47.42,68.26,47.38,58.18,64.62,7.07,82.66,70.06,68.15,71.57,66.89,46.17,62.00,85.38,79.20,21.47,29.43,86.21,52.92,8.25,83.82,90.03,61.33,94.75,46.14,48.17,70.60,41.77,85.09,84.58,66.24,60.31,0.00,12.17,15.13,65.95,5.00,57.80,92.72,59.68,19.80,107.80,58.73,52.43,75.03,59.44,104.39,13.45,91.09,48.75,21.10,68.59,78.43,108.58,72.80,37.11,81.22,101.98,78.01,49.01,48.33
8-3,59.91,95.82,13.04,72.28,66.19,47.93,82.20,85.21,78.92,73.98,99.48,102.20,62.03,51.01,35.23,51.16,48.00,88.77,58.18,43.27,24.00,67.23,79.25,26.17,43.84,90.44,57.72,23.85,98.88,53.24,92.72,58.05,53.81,90.05,64.85,81.04,42.06,61.85,65.80,55.22,64.62,49.37,66.40,63.15,19.03,74.41,58.22,57.25,77.47,58.26,35.78,50.04,89.27,72.80,33.24,18.38,89.82,51.62,4.00,89.96,90.27,68.80,88.24,54.67,36.50,62.94,36.67,81.71,82.28,57.20,55.07,12.17,0.00,27.29,60.54,7.28,54.71,92.07,61.07,16.12,102.73,52.20,44.55,73.55,65.00,102.20,12.37,94.37,56.61,32.70,70.06,84.97,102.90,68.00,38.12,84.93,96.02,80.75,52.63,38.83
8-4,75.60,87.05,27.51,79.88,79.21,72.57,87.24,83.68,69.07,70.61,112.49,94.02,86.88,78.06,16.12,52.33,75.11,82.15,81.61,60.21,51.16,78.57,97.35,47.43,63.98,105.55,53.60,21.26,111.20,67.48,100.17,65.22,72.56,89.29,54.04,88.75,15.81,70.00,56.00,41.30,75.74,49.66,50.70,69.89,8.54,94.41,85.01,82.38,67.12,79.20,60.21,77.03,83.29,89.20,8.94,44.10,84.48,58.60,23.35,78.64,92.48,54.92,104.64,38.83,63.03,81.99,51.87,91.83,90.14,78.92,69.66,15.13,27.29,0.00,75.29,20.10,65.12,96.18,61.85,31.38,116.00,69.34,64.40,79.92,56.04,109.42,25.30,89.68,42.43,9.49,70.23,72.84,117.41,81.34,41.62,79.51,111.20,77.67,49.04,61.68
8-5,2.83,72.40,50.45,22.20,7.07,35.47,33.62,49.58,64.51,47.85,38.95,75.60,40.36,54.78,68.00,35.01,54.71,62.97,31.24,17.46,52.47,11.18,23.77,35.47,21.00,30.41,45.18,54.41,38.48,7.81,37.34,20.62,13.00,50.99,60.30,27.51,81.01,17.89,58.55,63.39,10.63,37.12,71.01,21.47,71.42,25.18,54.20,40.22,64.85,20.52,36.01,53.49,61.85,14.32,73.78,47.13,60.80,23.02,62.68,74.32,44.94,68.26,29.41,66.75,46.27,14.76,24.21,24.02,28.16,23.43,5.66,65.95,60.54,75.29,0.00,62.80,14.00,42.54,35.17,46.23,42.19,10.00,20.00,25.61,56.57,46.04,52.50,62.37,64.28,72.40,38.47,73.05,42.64,8.06,36.77,57.98,36.07,50.48,44.01,30.02
8-6,62.48,91.92,12.53,72.45,67.96,53.76,81.74,83.01,74.63,71.18,101.51,98.49,68.01,58.01,28.43,49.09,55.04,85.33,63.56,46.01,31.06,68.48,82.81,30.23,47.80,93.09,54.45,18.97,100.70,55.22,93.05,57.87,57.38,88.09,60.17,81.34,34.79,62.03,61.35,49.74,65.76,47.01,60.75,62.94,12.04,78.60,65.07,63.32,73.05,62.68,41.44,57.00,85.99,75.74,26.00,24.52,86.70,51.24,3.61,85.44,89.11,63.53,91.29,48.83,43.19,66.71,38.60,82.73,82.64,61.91,57.20,5.00,7.28,20.10,62.80,0.00,55.46,91.44,59.14,16.64,104.86,55.17,48.41,73.38,60.73,102.53,10.77,91.44,51.11,25.50,68.12,80.23,105.42,69.89,36.22,81.74,98.72,78.10,49.37,43.83
8-7,16.12,61.07,42.95,18.03,14.76,42.64,29.15,40.22,51.48,35.81,47.38,65.05,50.80,61.29,56.04,21.02,60.54,51.74,41.62,17.46,52.47,13.45,37.48,33.02,25.24,41.34,31.26,43.86,46.10,9.43,38.08,7.81,22.47,42.94,46.39,26.48,69.07,8.25,44.72,49.50,10.63,23.19,57.01,11.18,62.43,39.12,62.37,49.58,51.62,31.76,39.00,59.91,50.93,27.66,62.48,45.00,50.21,9.06,56.08,61.77,39.29,54.33,41.63,52.95,49.77,27.89,19.03,27.29,27.66,34.13,10.77,57.80,54.71,65.12,14.00,55.46,0.00,39.12,21.93,39.00,50.91,17.20,24.41,20.10,42.76,47.54,44.72,52.63,50.36,61.07,26.91,60.01,52.63,17.00,24.41,46.75,46.87,39.60,30.02,33.54
8-8,45.19,44.00,79.43,21.38,35.78,78.00,10.00,20.88,47.54,31.62,36.35,43.57,81.84,97.31,83.01,43.86,97.14,36.35,73.06,55.90,91.55,31.38,51.86,72.11,62.36,41.63,44.82,75.96,33.24,45.35,12.17,34.13,55.54,17.03,54.20,15.26,94.87,31.02,51.40,65.05,32.57,46.52,66.03,29.07,95.86,59.40,96.60,82.37,49.24,62.27,77.13,96.01,34.23,44.60,90.92,84.05,32.14,40.45,92.76,51.79,7.07,60.75,46.53,69.30,87.80,54.92,58.03,21.93,15.00,65.37,44.92,92.72,92.07,96.18,42.54,91.44,39.12,0.00,34.48,75.95,39.12,51.87,61.40,19.03,49.82,16.55,80.81,30.07,65.07,89.55,27.02,54.12,44.41,35.85,55.66,32.98,43.97,27.31,48.26,71.31
8-9,37.64,40.36,48.04,22.85,33.06,63.03,26.25,24.19,29.55,15.00,58.60,45.22,72.40,80.72,48.55,10.05,79.51,31.40,63.29,36.80,66.71,29.02,57.08,46.96,45.34,56.52,12.08,42.20,56.36,31.30,40.31,14.56,44.29,29.00,26.17,30.23,60.61,18.03,24.02,33.12,27.02,12.37,37.85,15.03,62.10,60.21,82.81,70.80,29.73,53.67,57.01,79.31,31.06,47.10,56.44,57.58,30.89,14.87,61.01,39.96,30.68,34.13,58.55,37.22,67.42,49.65,33.84,36.25,31.62,55.95,32.70,59.68,61.07,61.85,35.17,59.14,21.93,34.48,0.00,45.28,62.17,38.95,44.69,21.10,22.02,48.92,49.00,34.54,33.54,55.07,9.00,38.08,65.55,35.01,23.00,26.63,61.40,20.62,14.14,52.40
8-10,46.01,81.54,4.24,56.32,51.31,42.11,66.10,69.46,65.37,58.69,84.88,87.66,56.32,51.24,31.26,35.51,48.70,74.00,50.45,29.73,27.20,51.88,66.84,16.28,32.65,76.58,43.08,15.52,84.06,38.60,76.84,41.98,41.62,74.17,52.20,65.15,42.11,45.88,52.70,44.69,49.19,33.96,55.97,47.07,25.81,63.29,57.07,52.09,64.14,47.85,30.00,50.00,74.33,59.40,33.24,17.49,74.73,35.51,17.09,76.66,74.17,57.31,74.95,45.22,35.44,51.04,22.02,66.21,66.41,47.54,40.61,19.80,16.12,31.38,46.23,16.64,39.00,75.95,45.28,0.00,88.23,38.95,33.12,57.49,51.62,86.33,6.40,79.08,46.10,32.14,54.23,72.11,88.87,53.25,22.56,69.92,82.22,65.31,38.08,30.59
9-1,42.94,83.05,92.42,39.36,37.01,69.58,39.62,59.08,84.34,66.71,3.61,82.61,66.19,87.02,106.53,67.96,88.14,75.03,60.03,59.54,92.66,37.48,30.02,77.37,61.10,14.04,74.25,94.76,6.08,49.65,27.02,52.20,50.92,56.04,87.32,32.57,119.47,47.20,84.76,95.26,40.31,70.72,99.37,48.55,112.93,39.12,83.15,69.01,85.70,51.62,75.00,86.05,73.01,31.32,113.28,88.64,71.00,58.26,104.85,90.20,46.04,94.87,19.10,99.30,83.74,43.93,66.29,25.94,31.32,54.45,47.71,107.80,102.73,116.00,42.19,104.86,50.91,39.12,62.17,88.23,0.00,50.99,60.17,41.23,82.87,26.00,94.40,69.18,95.71,111.87,58.82,91.79,5.83,35.00,75.07,71.18,10.44,64.50,75.66,69.26
9-2,8.25,78.24,43.19,30.87,17.03,26.42,42.54,56.73,68.43,53.01,47.93,82.07,33.60,45.62,63.91,36.14,45.31,68.88,24.41,9.22,42.58,20.62,28.02,26.42,11.00,38.28,47.13,49.19,47.76,7.81,47.27,25.00,5.39,58.82,62.10,37.11,76.69,24.08,60.73,63.07,19.31,37.66,71.85,27.59,64.66,25.96,45.80,32.53,68.45,14.87,26.02,44.28,68.01,20.62,68.88,37.70,67.21,24.70,54.67,78.89,53.67,69.86,36.12,66.00,36.35,13.34,17.49,34.01,37.85,17.00,7.21,58.73,52.20,69.34,10.00,55.17,17.20,51.87,38.95,38.95,50.99,0.00,10.00,34.00,58.82,56.04,45.34,69.35,64.12,67.54,44.05,76.92,50.77,18.03,34.23,63.89,43.83,56.64,44.91,20.02
9-3,18.11,84.86,37.22,40.16,27.02,18.38,51.87,64.64,73.50,59.41,57.25,89.20,28.79,36.89,61.19,39.82,36.24,75.66,20.40,8.06,32.76,30.41,34.71,18.38,1.00,46.96,51.00,45.61,57.28,16.16,57.22,32.02,9.43,67.23,65.39,46.87,73.50,32.25,64.40,64.33,28.86,40.72,74.04,35.51,58.83,30.23,38.18,26.42,73.25,14.87,16.03,35.51,75.01,29.07,65.15,28.65,74.41,29.83,47.42,84.40,62.77,72.80,44.10,66.75,26.48,18.38,15.03,44.01,47.68,15.13,16.49,52.43,44.55,64.40,20.00,48.41,24.41,61.40,44.69,33.12,60.17,10.00,0.00,43.08,62.61,66.03,39.45,77.01,65.51,63.89,50.99,81.84,59.48,28.02,34.53,70.72,52.35,63.78,47.93,10.05
9-4,28.43,48.85,61.13,3.61,19.85,60.42,9.06,24.70,45.01,27.02,37.70,51.11,65.95,79.61,68.12,28.32,79.20,39.56,56.85,37.11,72.56,14.87,41.44,53.08,44.01,37.05,33.12,59.06,35.34,26.93,20.25,15.52,38.28,25.46,46.17,9.22,80.66,12.00,43.68,54.20,15.00,31.14,58.19,10.44,78.72,47.01,79.61,65.80,46.01,46.10,58.52,78.26,38.08,32.20,75.60,65.03,36.67,22.14,74.46,52.95,19.70,53.85,40.11,58.31,69.26,39.62,39.01,15.52,10.63,49.04,26.83,75.03,73.55,79.92,25.61,73.38,20.10,19.03,21.10,57.49,41.23,34.00,43.08,0.00,41.76,29.53,62.64,37.44,54.59,74.20,18.11,53.15,44.92,20.81,38.47,34.79,41.44,27.20,35.00,52.81
9-5,58.86,31.40,52.77,44.15,55.01,80.26,44.29,31.40,13.93,18.38,79.38,38.21,91.29,96.21,40.20,22.85,94.49,26.17,82.46,54.56,77.47,51.04,79.03,59.41,63.06,78.26,11.70,41.76,76.90,51.66,58.67,36.12,64.20,37.20,4.47,50.33,49.34,40.00,2.00,16.55,49.00,21.95,16.55,37.05,59.30,81.74,99.57,89.01,12.53,73.68,72.01,94.81,27.46,69.03,48.37,67.62,28.86,34.21,63.57,25.06,43.86,12.17,80.50,20.59,81.47,70.61,49.09,57.28,51.62,75.61,53.37,59.44,65.00,56.04,56.57,60.73,42.76,49.82,22.02,51.62,82.87,58.82,62.61,41.76,0.00,66.03,52.80,34.21,16.12,47.27,24.17,20.62,86.68,57.00,31.11,24.04,82.98,24.41,15.00,68.51
9-6,48.17,59.41,90.14,30.08,39.01,80.41,22.67,37.34,64.08,48.02,24.19,58.00,81.34,99.46,97.20,57.43,99.82,52.39,73.38,62.20,98.13,36.12,47.17,79.76,67.03,33.24,60.11,88.59,21.10,51.16,9.49,44.78,58.42,32.98,70.46,21.19,109.48,40.50,67.68,80.81,38.33,60.22,82.38,39.81,108.23,55.95,97.42,82.86,65.80,63.06,82.05,98.27,50.22,42.72,104.86,91.79,48.05,51.48,103.41,67.91,23.41,77.18,38.95,85.04,92.27,55.08,66.29,22.02,19.92,66.22,50.04,104.39,102.20,109.42,46.04,102.53,47.54,16.55,48.92,86.33,26.00,56.04,66.03,29.53,66.03,0.00,91.76,45.28,80.92,103.47,42.52,70.52,31.78,38.12,68.00,49.34,33.60,43.86,63.03,76.06
9-7,52.35,83.49,2.24,61.68,57.43,47.52,71.06,73.06,66.71,61.66,91.02,89.84,61.81,55.11,27.20,39.01,52.39,76.40,56.32,36.12,29.55,57.80,73.25,22.14,38.95,82.88,45.35,12.81,90.14,44.82,82.28,47.13,48.01,78.00,52.84,70.58,37.01,51.26,53.67,43.93,55.07,37.12,55.23,52.20,19.42,69.64,61.40,57.43,65.31,54.12,35.23,53.94,76.90,65.76,28.00,20.62,77.47,40.52,12.04,77.82,78.64,57.20,81.32,43.86,39.46,57.43,28.32,72.01,71.87,53.71,46.86,13.45,12.37,25.30,52.50,10.77,44.72,80.81,49.00,6.40,94.40,45.34,39.45,62.64,52.80,91.76,0.00,82.04,45.34,27.02,58.00,72.95,95.13,59.41,26.00,72.57,88.53,68.47,40.26,36.40
9-8,65.19,14.14,81.39,41.05,57.20,95.27,32.31,12.81,24.41,20.40,66.37,13.93,102.55,113.81,74.15,43.68,112.89,9.22,93.35,69.63,101.24,52.20,78.26,81.44,77.80,70.60,37.05,73.06,63.29,61.62,42.19,45.00,74.25,13.34,37.34,40.85,83.52,45.28,34.79,50.60,51.86,45.12,46.65,41.77,92.05,84.38,114.98,101.86,26.63,82.81,90.74,112.41,7.21,69.46,82.38,92.11,5.39,48.37,93.77,23.71,23.19,40.82,74.95,54.42,101.36,76.84,68.00,49.04,41.44,85.59,62.24,91.09,94.37,89.68,62.37,91.44,52.63,30.07,34.54,79.08,69.18,69.35,77.01,37.44,34.21,45.28,82.04,0.00,49.98,81.22,26.42,27.80,74.43,58.25,56.52,10.20,73.55,13.93,42.11,85.70
9-9,66.12,45.10,45.97,56.36,64.33,81.60,58.60,47.43,27.17,34.21,92.14,52.15,94.11,95.29,26.31,29.43,93.15,41.48,85.91,57.87,73.25,61.13,87.82,57.71,65.73,89.49,21.47,32.80,89.89,58.01,73.01,45.35,69.26,53.25,12.65,63.63,33.73,50.00,15.23,1.41,58.69,27.17,9.90,47.76,47.13,89.05,99.81,91.09,25.08,78.52,71.59,93.94,43.01,77.93,34.06,63.41,44.60,41.30,54.38,36.22,59.46,12.65,90.96,4.47,79.76,77.01,50.70,69.78,65.00,79.91,60.03,48.75,56.61,42.43,64.28,51.11,50.36,65.07,33.54,46.10,95.71,64.12,65.51,54.59,16.12,80.92,45.34,49.98,0.00,33.14,38.42,30.41,99.01,66.49,31.05,39.92,94.58,40.50,20.62,69.29
9-10,73.06,78.00,29.00,74.52,75.60,74.24,80.99,75.89,60.00,62.64,108.30,85.01,88.46,81.88,7.07,46.04,79.08,73.44,82.38,58.69,55.54,74.41,95.29,48.37,63.60,102.20,45.88,18.38,106.79,64.66,94.40,60.14,71.31,81.60,45.01,83.24,10.00,65.07,47.10,32.06,71.59,43.27,41.23,64.54,16.28,93.23,88.36,84.21,58.01,78.75,62.07,80.75,74.67,86.61,1.41,47.38,75.95,53.74,29.07,69.35,85.43,45.54,101.79,29.43,66.37,80.62,50.16,87.00,84.65,78.85,66.89,21.10,32.70,9.49,72.40,25.50,61.07,89.55,55.07,32.14,111.87,67.54,63.89,74.20,47.27,103.47,27.02,81.22,33.14,0.00,63.07,63.51,113.70,77.80,36.80,71.02,107.80,69.64,41.63,62.65
10-1,41.18,34.21,57.04,21.00,34.79,69.35,20.25,15.30,27.17,9.49,55.36,38.21,77.62,87.62,56.36,19.03,86.61,24.84,68.41,43.42,75.03,30.08,58.25,55.15,51.74,55.15,17.80,50.99,52.81,36.24,34.67,19.10,49.20,20.00,28.64,26.25,67.96,20.59,26.00,38.29,28.79,21.21,40.72,17.00,70.83,62.63,89.14,76.49,28.02,58.25,64.35,86.21,24.04,48.51,64.40,66.10,23.43,21.95,70.01,36.06,22.36,36.06,58.01,42.52,74.95,53.24,41.59,33.54,27.51,60.80,37.20,68.59,70.06,70.23,38.47,68.12,26.91,27.02,9.00,54.23,58.82,44.05,50.99,18.11,24.17,42.52,58.00,26.42,38.42,63.07,0.00,35.51,62.82,36.40,32.00,19.85,59.54,12.81,21.47,59.41
10-2,75.61,17.00,73.06,56.32,70.09,99.86,52.24,33.24,8.54,26.17,88.57,23.77,110.15,116.39,56.72,42.20,114.77,18.87,101.12,73.78,98.08,65.51,93.74,79.91,82.38,90.02,31.24,61.33,85.71,69.35,65.31,52.55,82.29,37.70,20.12,60.03,63.03,55.36,19.42,31.58,64.03,41.87,23.09,51.92,77.37,97.80,119.40,108.23,8.60,91.71,92.20,114.98,21.10,83.95,64.38,88.24,23.32,52.35,83.26,6.08,47.13,18.03,93.26,34.13,101.86,87.66,69.03,68.00,61.07,93.91,70.77,78.43,84.97,72.84,73.05,80.23,60.01,54.12,38.08,72.11,91.79,76.92,81.84,53.15,20.62,70.52,72.95,27.80,30.41,63.51,35.51,0.00,96.42,71.81,51.66,21.19,94.02,27.29,35.36,88.41
10-3,43.01,88.20,93.09,42.72,38.21,67.47,44.18,64.00,88.81,71.02,8.06,87.97,63.00,84.29,108.60,70.71,85.59,80.01,57.43,59.64,91.55,39.41,27.29,77.18,60.37,12.53,77.62,96.26,11.18,50.33,32.25,54.71,50.09,61.20,91.09,36.67,121.61,49.74,88.60,98.49,42.20,73.43,103.09,51.43,113.95,36.06,80.00,66.12,90.09,49.73,73.74,83.38,78.03,30.41,115.11,88.12,76.06,60.46,105.21,95.05,51.24,98.76,16.28,102.46,82.01,42.38,66.84,29.41,35.51,52.39,48.27,108.58,102.90,117.41,42.64,105.42,52.63,44.41,65.55,88.87,5.83,50.77,59.48,44.92,86.68,31.78,95.13,74.43,99.01,113.70,62.82,96.42,0.00,36.07,77.01,76.03,7.28,69.18,78.72,68.15
10-4,10.05,69.32,57.43,17.20,2.24,42.72,27.66,45.49,63.35,45.88,31.62,71.87,46.04,61.98,72.95,37.11,62.10,59.93,37.22,25.30,60.53,6.32,22.09,43.32,29.02,24.41,46.17,60.21,30.89,14.76,29.61,21.21,20.40,46.10,61.03,20.59,85.98,17.00,59.00,65.73,8.00,39.56,72.34,20.10,77.99,26.40,60.84,46.53,63.95,26.42,44.00,60.73,58.59,12.17,79.20,55.08,57.31,25.63,69.97,72.42,39.05,69.03,24.70,69.38,54.15,19.21,31.38,16.12,21.02,29.53,13.00,72.80,68.00,81.34,8.06,69.89,17.00,35.85,35.01,53.25,35.00,18.03,28.02,20.81,57.00,38.12,59.41,58.25,66.49,77.80,36.40,71.81,36.07,0.00,41.34,55.04,30.00,47.42,45.89,38.00
10-5,37.95,59.48,25.08,38.28,39.12,50.70,46.24,47.10,44.20,36.14,71.51,65.39,63.06,65.46,31.62,13.04,63.60,51.62,54.92,27.07,46.62,37.64,60.41,28.32,34.71,65.73,21.10,20.59,70.01,29.41,58.67,23.60,39.05,52.00,32.80,47.17,44.65,28.43,32.56,29.83,34.83,11.40,39.92,28.30,40.31,60.02,69.35,60.08,43.28,48.01,41.34,64.07,51.87,51.08,38.21,36.89,52.20,17.03,38.01,55.61,52.95,39.45,65.76,32.25,50.45,47.52,19.65,50.33,48.55,49.16,31.62,37.11,38.12,41.62,36.77,36.22,24.41,55.66,23.00,22.56,75.07,34.23,34.53,38.47,31.11,68.00,26.00,56.52,31.05,36.80,32.00,51.66,77.01,41.34,0.00,47.43,71.28,42.76,16.40,38.48
10-6,60.75,14.42,72.03,38.28,53.67,89.11,32.06,12.17,15.62,11.66,68.07,18.60,97.45,107.17,63.95,34.93,106.04,5.00,88.24,63.03,93.02,48.75,76.22,73.43,71.45,70.58,27.29,63.20,65.12,56.08,44.41,38.95,69.03,16.55,27.31,40.31,73.38,40.22,24.70,40.50,47.89,36.06,37.20,36.62,82.01,81.44,108.90,96.33,17.69,78.01,83.60,105.76,4.47,66.85,72.18,83.67,5.00,41.23,84.17,19.03,25.96,31.40,74.33,44.38,94.05,72.72,60.46,48.51,41.19,80.60,57.01,81.22,84.93,79.51,57.98,81.74,46.75,32.98,26.63,69.92,71.18,63.89,70.72,34.79,24.04,49.34,72.57,10.20,39.92,71.02,19.85,21.19,76.03,55.04,47.43,0.00,74.17,7.62,32.39,78.87
10-7,36.24,86.98,86.45,38.83,32.20,60.21,42.11,62.39,86.15,68.18,10.00,87.32,56.04,77.16,102.90,65.80,78.41,78.41,50.25,52.80,84.31,34.00,20.10,70.18,53.24,5.66,73.38,90.14,12.73,43.84,31.95,49.66,42.94,60.21,87.32,34.00,115.94,44.78,84.93,93.98,36.72,68.45,99.20,46.82,107.49,29.00,73.03,59.03,87.28,42.45,66.48,76.24,76.53,23.32,109.20,81.01,74.67,55.07,98.41,93.09,50.45,95.13,9.06,97.86,74.73,35.11,60.21,26.08,33.02,45.12,41.73,101.98,96.02,111.20,36.07,98.72,46.87,43.97,61.40,82.22,10.44,43.83,52.35,41.44,82.98,33.60,88.53,73.55,94.58,107.80,59.54,94.02,7.28,30.00,71.28,74.17,0.00,67.03,74.09,60.93
10-8,53.25,21.95,67.74,30.68,46.07,82.13,25.02,7.07,20.25,7.07,61.29,25.46,90.14,100.42,62.64,29.83,99.40,12.53,80.92,56.22,87.32,41.15,68.62,67.54,64.54,63.29,24.19,60.03,58.42,48.84,38.08,31.83,61.72,12.81,28.43,33.06,73.01,32.80,25.61,40.82,40.31,31.40,39.62,29.21,79.40,73.82,101.91,89.14,21.93,70.60,77.10,99.02,11.40,59.24,70.88,78.19,10.63,34.67,80.31,26.08,20.59,34.06,66.91,44.94,87.66,65.19,54.20,41.19,34.01,73.25,49.68,78.01,80.75,77.67,50.48,78.10,39.60,27.31,20.62,65.31,64.50,56.64,63.78,27.20,24.41,43.86,68.47,13.93,40.50,69.64,12.81,27.29,69.18,47.42,42.76,7.62,67.03,0.00,29.07,72.20
10-9,46.01,43.46,39.85,36.36,43.74,65.37,40.36,34.71,27.80,22.02,72.07,49.65,76.69,81.22,34.89,9.00,79.51,36.14,68.01,39.92,63.01,40.52,67.36,44.55,48.33,68.95,5.10,31.00,69.97,38.21,54.45,24.74,50.22,40.26,17.46,44.20,46.62,29.41,16.64,19.92,38.08,7.28,27.07,27.31,50.36,69.03,84.60,74.25,26.91,59.67,57.01,79.81,36.67,57.43,42.95,53.25,37.34,21.00,51.79,39.20,43.83,25.00,70.34,23.77,66.53,57.31,34.13,49.74,45.61,61.40,40.11,49.01,52.63,49.04,44.01,49.37,30.02,48.26,14.14,38.08,75.66,44.91,47.93,35.00,15.00,63.03,40.26,42.11,20.62,41.63,21.47,35.36,78.72,45.89,16.40,32.39,74.09,29.07,0.00,53.54
10-10,28.02,92.76,34.21,50.00,37.05,12.37,61.68,73.57,80.28,67.36,66.48,97.45,26.00,28.32,61.03,46.23,27.20,83.74,19.92,16.12,23.41,40.45,42.19,14.32,9.06,55.71,57.20,45.04,66.71,25.96,67.27,40.82,18.44,76.48,70.83,56.89,72.56,41.63,70.18,68.01,38.83,46.62,78.39,44.72,55.15,36.12,31.06,22.20,79.81,19.85,6.00,26.91,83.24,37.95,63.79,21.21,82.80,37.64,42.19,91.44,72.45,77.83,52.33,69.92,16.49,25.94,19.42,54.04,57.71,18.44,26.48,48.33,38.83,61.68,30.02,43.83,33.54,71.31,52.40,30.59,69.26,20.02,10.05,52.81,68.51,76.06,36.40,85.70,69.29,62.65,59.41,88.41,68.15,38.00,38.48,78.87,60.93,72.20,53.54,0.00